{
	"credit": "Made with Blockbench",
	"textures": {
		"0": "Coconuts/coconut4",
		"particle": "Coconuts/coconut4"
	},
	"elements": [
		{
			"from": [6, 0, 6],
			"to": [10, 4, 10],
			"faces": {
				"north": {"uv": [4, 4, 8, 8], "texture": "#0"},
				"east": {"uv": [0, 4, 4, 8], "texture": "#0"},
				"south": {"uv": [12, 4, 16, 8], "texture": "#0"},
				"west": {"uv": [8, 4, 12, 8], "texture": "#0"},
				"up": {"uv": [8, 4, 4, 0], "texture": "#0"},
				"down": {"uv": [12, 0, 8, 4], "texture": "#0"}
			}
		}
	]
}